date,product_id,units_sold,price_sold
2025-07-07,1,4,2819
2025-07-07,2,12,3340
2025-07-07,3,14,3353
2025-07-07,4,13,1058
2025-07-07,5,15,1617
2025-07-07,6,17,708
2025-07-07,7,10,240
2025-07-07,8,2,2394
2025-07-07,9,9,2894
2025-07-07,10,9,894
2025-07-07,11,15,787
2025-07-07,12,11,1806
2025-07-07,13,1,1583
2025-07-07,14,8,1874
2025-07-07,15,2,2121
2025-07-07,16,14,2443
2025-07-07,17,2,3034
2025-07-07,18,18,2591
2025-07-07,19,17,1902
2025-07-07,20,7,241
2025-07-07,21,16,4974
2025-07-07,22,7,3354
2025-07-07,23,6,1608
2025-07-07,24,6,234
2025-07-07,25,2,4490
2025-07-07,26,0,741
2025-07-07,27,3,1926
2025-07-07,28,4,3454
2025-07-07,29,0,2629
2025-07-07,30,14,4192
2025-07-07,31,4,4310
2025-07-07,32,12,553
2025-07-07,33,7,3118
2025-07-07,34,7,2034
2025-07-07,35,4,1818
2025-07-07,36,8,3251
2025-07-07,37,0,4809
2025-07-07,38,3,3102
2025-07-07,39,2,3807
2025-07-07,40,1,2080
2025-07-07,41,7,4446
2025-07-07,42,8,3474
2025-07-07,43,1,1474
2025-07-07,44,13,4959
2025-07-07,45,13,3355
2025-07-07,46,3,1862
2025-07-07,47,5,2401
2025-07-07,48,10,4006
2025-07-07,49,2,3860
2025-07-07,50,7,3148
2025-07-07,51,2,238
2025-07-07,52,13,720
2025-07-07,53,12,2727
2025-07-07,54,12,4648
2025-07-07,55,1,4944
2025-07-07,56,12,4542
2025-07-07,57,18,3294
2025-07-07,58,5,1687
2025-07-07,59,15,1452
2025-07-07,60,1,2749
2025-07-07,61,7,4291
2025-07-07,62,16,467
2025-07-07,63,1,1643
2025-07-07,64,9,2813
2025-07-07,65,15,901
2025-07-07,66,5,2245
2025-07-07,67,1,3438
2025-07-07,68,1,4965
2025-07-07,69,12,4677
2025-07-07,70,14,4986
2025-07-07,71,1,3648
2025-07-07,72,6,1888
2025-07-07,73,2,4568
2025-07-07,74,7,4478
2025-07-07,75,13,1765
2025-07-07,76,6,4132
2025-07-07,77,6,4512
2025-07-07,78,0,368
2025-07-07,79,16,3188
2025-07-07,80,8,4752
2025-07-07,81,12,313
2025-07-07,82,18,1372
2025-07-07,83,18,902
2025-07-07,84,16,4525
2025-07-07,85,9,703
2025-07-07,86,9,2121
2025-07-07,87,3,1821
2025-07-07,88,7,637
2025-07-07,89,19,822
2025-07-07,90,19,512
2025-07-07,91,17,369
2025-07-07,92,13,3631
2025-07-07,93,17,4539
2025-07-07,94,13,3952
2025-07-07,95,19,452
2025-07-07,96,14,3456
2025-07-07,97,3,1729
2025-07-07,98,12,890
2025-07-07,99,7,1974
2025-07-07,100,17,699
2025-07-06,1,11,2819
2025-07-06,2,13,3340
2025-07-06,3,1,3353
2025-07-06,4,17,1058
2025-07-06,5,1,1617
2025-07-06,6,10,708
2025-07-06,7,8,240
2025-07-06,8,11,2394
2025-07-06,9,16,2894
2025-07-06,10,14,894
2025-07-06,11,16,787
2025-07-06,12,17,1806
2025-07-06,13,5,1583
2025-07-06,14,16,1874
2025-07-06,15,17,2121
2025-07-06,16,7,2443
2025-07-06,17,8,3034
2025-07-06,18,5,2591
2025-07-06,19,4,1902
2025-07-06,20,11,241
2025-07-06,21,10,4974
2025-07-06,22,0,3354
2025-07-06,23,10,1608
2025-07-06,24,18,234
2025-07-06,25,8,4490
2025-07-06,26,1,741
2025-07-06,27,11,1926
2025-07-06,28,3,3454
2025-07-06,29,3,2629
2025-07-06,30,17,4192
2025-07-06,31,14,4310
2025-07-06,32,18,553
2025-07-06,33,12,3118
2025-07-06,34,18,2034
2025-07-06,35,16,1818
2025-07-06,36,5,3251
2025-07-06,37,15,4809
2025-07-06,38,11,3102
2025-07-06,39,18,3807
2025-07-06,40,4,2080
2025-07-06,41,16,4446
2025-07-06,42,0,3474
2025-07-06,43,9,1474
2025-07-06,44,14,4959
2025-07-06,45,10,3355
2025-07-06,46,12,1862
2025-07-06,47,4,2401
2025-07-06,48,0,4006
2025-07-06,49,11,3860
2025-07-06,50,10,3148
2025-07-06,51,16,238
2025-07-06,52,3,720
2025-07-06,53,14,2727
2025-07-06,54,8,4648
2025-07-06,55,19,4944
2025-07-06,56,18,4542
2025-07-06,57,18,3294
2025-07-06,58,11,1687
2025-07-06,59,4,1452
2025-07-06,60,9,2749
2025-07-06,61,16,4291
2025-07-06,62,4,467
2025-07-06,63,15,1643
2025-07-06,64,6,2813
2025-07-06,65,8,901
2025-07-06,66,2,2245
2025-07-06,67,14,3438
2025-07-06,68,15,4965
2025-07-06,69,17,4677
2025-07-06,70,13,4986
2025-07-06,71,2,3648
2025-07-06,72,11,1888
2025-07-06,73,8,4568
2025-07-06,74,6,4478
2025-07-06,75,8,1765
2025-07-06,76,12,4132
2025-07-06,77,17,4512
2025-07-06,78,4,368
2025-07-06,79,12,3188
2025-07-06,80,3,4752
2025-07-06,81,1,313
2025-07-06,82,15,1372
2025-07-06,83,8,902
2025-07-06,84,8,4525
2025-07-06,85,5,703
2025-07-06,86,10,2121
2025-07-06,87,0,1821
2025-07-06,88,3,637
2025-07-06,89,12,822
2025-07-06,90,12,512
2025-07-06,91,12,369
2025-07-06,92,1,3631
2025-07-06,93,8,4539
2025-07-06,94,7,3952
2025-07-06,95,6,452
2025-07-06,96,3,3456
2025-07-06,97,17,1729
2025-07-06,98,2,890
2025-07-06,99,5,1974
2025-07-06,100,11,699
2025-07-05,1,11,2819
2025-07-05,2,7,3340
2025-07-05,3,0,3353
2025-07-05,4,3,1058
2025-07-05,5,10,1617
2025-07-05,6,2,708
2025-07-05,7,12,240
2025-07-05,8,16,2394
2025-07-05,9,9,2894
2025-07-05,10,11,894
2025-07-05,11,14,787
2025-07-05,12,9,1806
2025-07-05,13,13,1583
2025-07-05,14,12,1874
2025-07-05,15,4,2121
2025-07-05,16,5,2443
2025-07-05,17,1,3034
2025-07-05,18,16,2591
2025-07-05,19,3,1902
2025-07-05,20,13,241
2025-07-05,21,9,4974
2025-07-05,22,2,3354
2025-07-05,23,2,1608
2025-07-05,24,14,234
2025-07-05,25,5,4490
2025-07-05,26,16,741
2025-07-05,27,11,1926
2025-07-05,28,19,3454
2025-07-05,29,10,2629
2025-07-05,30,3,4192
2025-07-05,31,5,4310
2025-07-05,32,0,553
2025-07-05,33,19,3118
2025-07-05,34,15,2034
2025-07-05,35,14,1818
2025-07-05,36,16,3251
2025-07-05,37,7,4809
2025-07-05,38,11,3102
2025-07-05,39,9,3807
2025-07-05,40,14,2080
2025-07-05,41,8,4446
2025-07-05,42,1,3474
2025-07-05,43,4,1474
2025-07-05,44,5,4959
2025-07-05,45,6,3355
2025-07-05,46,0,1862
2025-07-05,47,6,2401
2025-07-05,48,19,4006
2025-07-05,49,11,3860
2025-07-05,50,15,3148
2025-07-05,51,15,238
2025-07-05,52,10,720
2025-07-05,53,3,2727
2025-07-05,54,12,4648
2025-07-05,55,6,4944
2025-07-05,56,3,4542
2025-07-05,57,14,3294
2025-07-05,58,18,1687
2025-07-05,59,8,1452
2025-07-05,60,10,2749
2025-07-05,61,7,4291
2025-07-05,62,0,467
2025-07-05,63,7,1643
2025-07-05,64,12,2813
2025-07-05,65,3,901
2025-07-05,66,7,2245
2025-07-05,67,2,3438
2025-07-05,68,8,4965
2025-07-05,69,1,4677
2025-07-05,70,1,4986
2025-07-05,71,12,3648
2025-07-05,72,14,1888
2025-07-05,73,11,4568
2025-07-05,74,3,4478
2025-07-05,75,7,1765
2025-07-05,76,8,4132
2025-07-05,77,4,4512
2025-07-05,78,19,368
2025-07-05,79,17,3188
2025-07-05,80,10,4752
2025-07-05,81,14,313
2025-07-05,82,8,1372
2025-07-05,83,16,902
2025-07-05,84,11,4525
2025-07-05,85,6,703
2025-07-05,86,9,2121
2025-07-05,87,9,1821
2025-07-05,88,12,637
2025-07-05,89,18,822
2025-07-05,90,10,512
2025-07-05,91,12,369
2025-07-05,92,7,3631
2025-07-05,93,7,4539
2025-07-05,94,3,3952
2025-07-05,95,14,452
2025-07-05,96,10,3456
2025-07-05,97,10,1729
2025-07-05,98,0,890
2025-07-05,99,16,1974
2025-07-05,100,14,699
2025-07-04,1,19,2819
2025-07-04,2,5,3340
2025-07-04,3,14,3353
2025-07-04,4,8,1058
2025-07-04,5,13,1617
2025-07-04,6,17,708
2025-07-04,7,16,240
2025-07-04,8,17,2394
2025-07-04,9,4,2894
2025-07-04,10,19,894
2025-07-04,11,19,787
2025-07-04,12,8,1806
2025-07-04,13,10,1583
2025-07-04,14,0,1874
2025-07-04,15,17,2121
2025-07-04,16,5,2443
2025-07-04,17,1,3034
2025-07-04,18,14,2591
2025-07-04,19,13,1902
2025-07-04,20,4,241
2025-07-04,21,5,4974
2025-07-04,22,5,3354
2025-07-04,23,17,1608
2025-07-04,24,13,234
2025-07-04,25,9,4490
2025-07-04,26,13,741
2025-07-04,27,12,1926
2025-07-04,28,2,3454
2025-07-04,29,5,2629
2025-07-04,30,7,4192
2025-07-04,31,11,4310
2025-07-04,32,12,553
2025-07-04,33,10,3118
2025-07-04,34,11,2034
2025-07-04,35,0,1818
2025-07-04,36,16,3251
2025-07-04,37,15,4809
2025-07-04,38,10,3102
2025-07-04,39,12,3807
2025-07-04,40,17,2080
2025-07-04,41,10,4446
2025-07-04,42,11,3474
2025-07-04,43,5,1474
2025-07-04,44,8,4959
2025-07-04,45,15,3355
2025-07-04,46,3,1862
2025-07-04,47,2,2401
2025-07-04,48,15,4006
2025-07-04,49,11,3860
2025-07-04,50,10,3148
2025-07-04,51,4,238
2025-07-04,52,17,720
2025-07-04,53,18,2727
2025-07-04,54,5,4648
2025-07-04,55,17,4944
2025-07-04,56,5,4542
2025-07-04,57,3,3294
2025-07-04,58,11,1687
2025-07-04,59,18,1452
2025-07-04,60,1,2749
2025-07-04,61,16,4291
2025-07-04,62,10,467
2025-07-04,63,10,1643
2025-07-04,64,15,2813
2025-07-04,65,1,901
2025-07-04,66,1,2245
2025-07-04,67,7,3438
2025-07-04,68,12,4965
2025-07-04,69,9,4677
2025-07-04,70,7,4986
2025-07-04,71,3,3648
2025-07-04,72,14,1888
2025-07-04,73,0,4568
2025-07-04,74,10,4478
2025-07-04,75,6,1765
2025-07-04,76,16,4132
2025-07-04,77,19,4512
2025-07-04,78,17,368
2025-07-04,79,11,3188
2025-07-04,80,8,4752
2025-07-04,81,4,313
2025-07-04,82,9,1372
2025-07-04,83,3,902
2025-07-04,84,4,4525
2025-07-04,85,9,703
2025-07-04,86,10,2121
2025-07-04,87,9,1821
2025-07-04,88,7,637
2025-07-04,89,1,822
2025-07-04,90,7,512
2025-07-04,91,15,369
2025-07-04,92,4,3631
2025-07-04,93,2,4539
2025-07-04,94,11,3952
2025-07-04,95,12,452
2025-07-04,96,12,3456
2025-07-04,97,9,1729
2025-07-04,98,3,890
2025-07-04,99,8,1974
2025-07-04,100,1,699
2025-07-03,1,18,2819
2025-07-03,2,0,3340
2025-07-03,3,6,3353
2025-07-03,4,16,1058
2025-07-03,5,2,1617
2025-07-03,6,19,708
2025-07-03,7,19,240
2025-07-03,8,2,2394
2025-07-03,9,2,2894
2025-07-03,10,16,894
2025-07-03,11,6,787
2025-07-03,12,13,1806
2025-07-03,13,16,1583
2025-07-03,14,17,1874
2025-07-03,15,12,2121
2025-07-03,16,19,2443
2025-07-03,17,19,3034
2025-07-03,18,17,2591
2025-07-03,19,3,1902
2025-07-03,20,0,241
2025-07-03,21,17,4974
2025-07-03,22,0,3354
2025-07-03,23,12,1608
2025-07-03,24,19,234
2025-07-03,25,19,4490
2025-07-03,26,9,741
2025-07-03,27,10,1926
2025-07-03,28,8,3454
2025-07-03,29,8,2629
2025-07-03,30,4,4192
2025-07-03,31,0,4310
2025-07-03,32,16,553
2025-07-03,33,1,3118
2025-07-03,34,12,2034
2025-07-03,35,8,1818
2025-07-03,36,3,3251
2025-07-03,37,4,4809
2025-07-03,38,10,3102
2025-07-03,39,18,3807
2025-07-03,40,2,2080
2025-07-03,41,11,4446
2025-07-03,42,18,3474
2025-07-03,43,18,1474
2025-07-03,44,12,4959
2025-07-03,45,6,3355
2025-07-03,46,14,1862
2025-07-03,47,6,2401
2025-07-03,48,7,4006
2025-07-03,49,4,3860
2025-07-03,50,13,3148
2025-07-03,51,3,238
2025-07-03,52,9,720
2025-07-03,53,19,2727
2025-07-03,54,14,4648
2025-07-03,55,17,4944
2025-07-03,56,19,4542
2025-07-03,57,12,3294
2025-07-03,58,7,1687
2025-07-03,59,8,1452
2025-07-03,60,15,2749
2025-07-03,61,18,4291
2025-07-03,62,15,467
2025-07-03,63,6,1643
2025-07-03,64,13,2813
2025-07-03,65,13,901
2025-07-03,66,3,2245
2025-07-03,67,14,3438
2025-07-03,68,2,4965
2025-07-03,69,4,4677
2025-07-03,70,0,4986
2025-07-03,71,2,3648
2025-07-03,72,14,1888
2025-07-03,73,7,4568
2025-07-03,74,3,4478
2025-07-03,75,1,1765
2025-07-03,76,9,4132
2025-07-03,77,3,4512
2025-07-03,78,2,368
2025-07-03,79,1,3188
2025-07-03,80,16,4752
2025-07-03,81,19,313
2025-07-03,82,12,1372
2025-07-03,83,4,902
2025-07-03,84,8,4525
2025-07-03,85,5,703
2025-07-03,86,4,2121
2025-07-03,87,9,1821
2025-07-03,88,7,637
2025-07-03,89,6,822
2025-07-03,90,6,512
2025-07-03,91,5,369
2025-07-03,92,19,3631
2025-07-03,93,2,4539
2025-07-03,94,18,3952
2025-07-03,95,14,452
2025-07-03,96,3,3456
2025-07-03,97,11,1729
2025-07-03,98,5,890
2025-07-03,99,18,1974
2025-07-03,100,3,699
2025-07-02,1,14,2819
2025-07-02,2,8,3340
2025-07-02,3,4,3353
2025-07-02,4,12,1058
2025-07-02,5,17,1617
2025-07-02,6,4,708
2025-07-02,7,15,240
2025-07-02,8,18,2394
2025-07-02,9,13,2894
2025-07-02,10,15,894
2025-07-02,11,14,787
2025-07-02,12,3,1806
2025-07-02,13,6,1583
2025-07-02,14,15,1874
2025-07-02,15,7,2121
2025-07-02,16,16,2443
2025-07-02,17,15,3034
2025-07-02,18,9,2591
2025-07-02,19,9,1902
2025-07-02,20,1,241
2025-07-02,21,8,4974
2025-07-02,22,16,3354
2025-07-02,23,10,1608
2025-07-02,24,9,234
2025-07-02,25,16,4490
2025-07-02,26,3,741
2025-07-02,27,15,1926
2025-07-02,28,19,3454
2025-07-02,29,14,2629
2025-07-02,30,4,4192
2025-07-02,31,5,4310
2025-07-02,32,16,553
2025-07-02,33,0,3118
2025-07-02,34,18,2034
2025-07-02,35,3,1818
2025-07-02,36,16,3251
2025-07-02,37,8,4809
2025-07-02,38,1,3102
2025-07-02,39,7,3807
2025-07-02,40,14,2080
2025-07-02,41,6,4446
2025-07-02,42,5,3474
2025-07-02,43,0,1474
2025-07-02,44,14,4959
2025-07-02,45,6,3355
2025-07-02,46,16,1862
2025-07-02,47,1,2401
2025-07-02,48,8,4006
2025-07-02,49,8,3860
2025-07-02,50,12,3148
2025-07-02,51,5,238
2025-07-02,52,5,720
2025-07-02,53,19,2727
2025-07-02,54,19,4648
2025-07-02,55,2,4944
2025-07-02,56,16,4542
2025-07-02,57,16,3294
2025-07-02,58,11,1687
2025-07-02,59,15,1452
2025-07-02,60,14,2749
2025-07-02,61,12,4291
2025-07-02,62,0,467
2025-07-02,63,16,1643
2025-07-02,64,2,2813
2025-07-02,65,14,901
2025-07-02,66,3,2245
2025-07-02,67,3,3438
2025-07-02,68,17,4965
2025-07-02,69,16,4677
2025-07-02,70,18,4986
2025-07-02,71,10,3648
2025-07-02,72,19,1888
2025-07-02,73,2,4568
2025-07-02,74,7,4478
2025-07-02,75,13,1765
2025-07-02,76,0,4132
2025-07-02,77,13,4512
2025-07-02,78,1,368
2025-07-02,79,3,3188
2025-07-02,80,18,4752
2025-07-02,81,5,313
2025-07-02,82,0,1372
2025-07-02,83,16,902
2025-07-02,84,7,4525
2025-07-02,85,18,703
2025-07-02,86,0,2121
2025-07-02,87,4,1821
2025-07-02,88,15,637
2025-07-02,89,5,822
2025-07-02,90,7,512
2025-07-02,91,12,369
2025-07-02,92,15,3631
2025-07-02,93,2,4539
2025-07-02,94,18,3952
2025-07-02,95,11,452
2025-07-02,96,15,3456
2025-07-02,97,10,1729
2025-07-02,98,9,890
2025-07-02,99,19,1974
2025-07-02,100,3,699
2025-07-01,1,11,2819
2025-07-01,2,1,3340
2025-07-01,3,18,3353
2025-07-01,4,4,1058
2025-07-01,5,7,1617
2025-07-01,6,6,708
2025-07-01,7,13,240
2025-07-01,8,2,2394
2025-07-01,9,17,2894
2025-07-01,10,15,894
2025-07-01,11,18,787
2025-07-01,12,18,1806
2025-07-01,13,17,1583
2025-07-01,14,19,1874
2025-07-01,15,15,2121
2025-07-01,16,7,2443
2025-07-01,17,0,3034
2025-07-01,18,16,2591
2025-07-01,19,11,1902
2025-07-01,20,10,241
2025-07-01,21,4,4974
2025-07-01,22,11,3354
2025-07-01,23,16,1608
2025-07-01,24,5,234
2025-07-01,25,0,4490
2025-07-01,26,4,741
2025-07-01,27,13,1926
2025-07-01,28,4,3454
2025-07-01,29,0,2629
2025-07-01,30,17,4192
2025-07-01,31,15,4310
2025-07-01,32,8,553
2025-07-01,33,18,3118
2025-07-01,34,4,2034
2025-07-01,35,1,1818
2025-07-01,36,14,3251
2025-07-01,37,6,4809
2025-07-01,38,3,3102
2025-07-01,39,0,3807
2025-07-01,40,12,2080
2025-07-01,41,19,4446
2025-07-01,42,6,3474
2025-07-01,43,14,1474
2025-07-01,44,13,4959
2025-07-01,45,18,3355
2025-07-01,46,19,1862
2025-07-01,47,17,2401
2025-07-01,48,9,4006
2025-07-01,49,8,3860
2025-07-01,50,7,3148
2025-07-01,51,9,238
2025-07-01,52,16,720
2025-07-01,53,1,2727
2025-07-01,54,5,4648
2025-07-01,55,4,4944
2025-07-01,56,8,4542
2025-07-01,57,4,3294
2025-07-01,58,17,1687
2025-07-01,59,19,1452
2025-07-01,60,8,2749
2025-07-01,61,16,4291
2025-07-01,62,16,467
2025-07-01,63,11,1643
2025-07-01,64,6,2813
2025-07-01,65,2,901
2025-07-01,66,9,2245
2025-07-01,67,1,3438
2025-07-01,68,2,4965
2025-07-01,69,15,4677
2025-07-01,70,1,4986
2025-07-01,71,9,3648
2025-07-01,72,5,1888
2025-07-01,73,10,4568
2025-07-01,74,6,4478
2025-07-01,75,14,1765
2025-07-01,76,5,4132
2025-07-01,77,19,4512
2025-07-01,78,8,368
2025-07-01,79,19,3188
2025-07-01,80,11,4752
2025-07-01,81,18,313
2025-07-01,82,19,1372
2025-07-01,83,2,902
2025-07-01,84,14,4525
2025-07-01,85,1,703
2025-07-01,86,1,2121
2025-07-01,87,2,1821
2025-07-01,88,5,637
2025-07-01,89,14,822
2025-07-01,90,9,512
2025-07-01,91,8,369
2025-07-01,92,0,3631
2025-07-01,93,15,4539
2025-07-01,94,5,3952
2025-07-01,95,8,452
2025-07-01,96,3,3456
2025-07-01,97,1,1729
2025-07-01,98,3,890
2025-07-01,99,0,1974
2025-07-01,100,18,699
2025-06-30,1,9,2819
2025-06-30,2,14,3340
2025-06-30,3,18,3353
2025-06-30,4,15,1058
2025-06-30,5,3,1617
2025-06-30,6,1,708
2025-06-30,7,12,240
2025-06-30,8,0,2394
2025-06-30,9,16,2894
2025-06-30,10,12,894
2025-06-30,11,3,787
2025-06-30,12,6,1806
2025-06-30,13,16,1583
2025-06-30,14,8,1874
2025-06-30,15,3,2121
2025-06-30,16,18,2443
2025-06-30,17,0,3034
2025-06-30,18,9,2591
2025-06-30,19,3,1902
2025-06-30,20,8,241
2025-06-30,21,12,4974
2025-06-30,22,13,3354
2025-06-30,23,9,1608
2025-06-30,24,5,234
2025-06-30,25,15,4490
2025-06-30,26,5,741
2025-06-30,27,16,1926
2025-06-30,28,9,3454
2025-06-30,29,17,2629
2025-06-30,30,17,4192
2025-06-30,31,2,4310
2025-06-30,32,19,553
2025-06-30,33,14,3118
2025-06-30,34,14,2034
2025-06-30,35,3,1818
2025-06-30,36,8,3251
2025-06-30,37,18,4809
2025-06-30,38,16,3102
2025-06-30,39,10,3807
2025-06-30,40,8,2080
2025-06-30,41,9,4446
2025-06-30,42,17,3474
2025-06-30,43,19,1474
2025-06-30,44,12,4959
2025-06-30,45,7,3355
2025-06-30,46,6,1862
2025-06-30,47,16,2401
2025-06-30,48,14,4006
2025-06-30,49,19,3860
2025-06-30,50,14,3148
2025-06-30,51,0,238
2025-06-30,52,13,720
2025-06-30,53,4,2727
2025-06-30,54,10,4648
2025-06-30,55,15,4944
2025-06-30,56,1,4542
2025-06-30,57,7,3294
2025-06-30,58,10,1687
2025-06-30,59,17,1452
2025-06-30,60,2,2749
2025-06-30,61,0,4291
2025-06-30,62,10,467
2025-06-30,63,15,1643
2025-06-30,64,17,2813
2025-06-30,65,15,901
2025-06-30,66,9,2245
2025-06-30,67,17,3438
2025-06-30,68,5,4965
2025-06-30,69,18,4677
2025-06-30,70,3,4986
2025-06-30,71,12,3648
2025-06-30,72,13,1888
2025-06-30,73,2,4568
2025-06-30,74,9,4478
2025-06-30,75,5,1765
2025-06-30,76,0,4132
2025-06-30,77,13,4512
2025-06-30,78,7,368
2025-06-30,79,18,3188
2025-06-30,80,13,4752
2025-06-30,81,9,313
2025-06-30,82,16,1372
2025-06-30,83,8,902
2025-06-30,84,5,4525
2025-06-30,85,10,703
2025-06-30,86,6,2121
2025-06-30,87,16,1821
2025-06-30,88,0,637
2025-06-30,89,4,822
2025-06-30,90,8,512
2025-06-30,91,17,369
2025-06-30,92,1,3631
2025-06-30,93,10,4539
2025-06-30,94,5,3952
2025-06-30,95,7,452
2025-06-30,96,3,3456
2025-06-30,97,17,1729
2025-06-30,98,10,890
2025-06-30,99,4,1974
2025-06-30,100,14,699
2025-06-29,1,17,2819
2025-06-29,2,1,3340
2025-06-29,3,10,3353
2025-06-29,4,12,1058
2025-06-29,5,3,1617
2025-06-29,6,6,708
2025-06-29,7,10,240
2025-06-29,8,3,2394
2025-06-29,9,14,2894
2025-06-29,10,0,894
2025-06-29,11,2,787
2025-06-29,12,13,1806
2025-06-29,13,5,1583
2025-06-29,14,17,1874
2025-06-29,15,0,2121
2025-06-29,16,5,2443
2025-06-29,17,5,3034
2025-06-29,18,15,2591
2025-06-29,19,4,1902
2025-06-29,20,16,241
2025-06-29,21,9,4974
2025-06-29,22,17,3354
2025-06-29,23,6,1608
2025-06-29,24,2,234
2025-06-29,25,12,4490
2025-06-29,26,14,741
2025-06-29,27,19,1926
2025-06-29,28,18,3454
2025-06-29,29,2,2629
2025-06-29,30,3,4192
2025-06-29,31,4,4310
2025-06-29,32,0,553
2025-06-29,33,3,3118
2025-06-29,34,11,2034
2025-06-29,35,9,1818
2025-06-29,36,19,3251
2025-06-29,37,12,4809
2025-06-29,38,13,3102
2025-06-29,39,4,3807
2025-06-29,40,3,2080
2025-06-29,41,13,4446
2025-06-29,42,9,3474
2025-06-29,43,16,1474
2025-06-29,44,9,4959
2025-06-29,45,6,3355
2025-06-29,46,15,1862
2025-06-29,47,0,2401
2025-06-29,48,16,4006
2025-06-29,49,8,3860
2025-06-29,50,5,3148
2025-06-29,51,18,238
2025-06-29,52,12,720
2025-06-29,53,2,2727
2025-06-29,54,6,4648
2025-06-29,55,8,4944
2025-06-29,56,4,4542
2025-06-29,57,9,3294
2025-06-29,58,16,1687
2025-06-29,59,11,1452
2025-06-29,60,15,2749
2025-06-29,61,2,4291
2025-06-29,62,8,467
2025-06-29,63,14,1643
2025-06-29,64,4,2813
2025-06-29,65,12,901
2025-06-29,66,13,2245
2025-06-29,67,19,3438
2025-06-29,68,14,4965
2025-06-29,69,15,4677
2025-06-29,70,12,4986
2025-06-29,71,16,3648
2025-06-29,72,7,1888
2025-06-29,73,1,4568
2025-06-29,74,4,4478
2025-06-29,75,5,1765
2025-06-29,76,11,4132
2025-06-29,77,17,4512
2025-06-29,78,0,368
2025-06-29,79,16,3188
2025-06-29,80,10,4752
2025-06-29,81,9,313
2025-06-29,82,18,1372
2025-06-29,83,13,902
2025-06-29,84,9,4525
2025-06-29,85,14,703
2025-06-29,86,18,2121
2025-06-29,87,3,1821
2025-06-29,88,1,637
2025-06-29,89,8,822
2025-06-29,90,9,512
2025-06-29,91,10,369
2025-06-29,92,13,3631
2025-06-29,93,6,4539
2025-06-29,94,14,3952
2025-06-29,95,18,452
2025-06-29,96,14,3456
2025-06-29,97,7,1729
2025-06-29,98,10,890
2025-06-29,99,8,1974
2025-06-29,100,14,699
2025-06-28,1,0,2819
2025-06-28,2,0,3340
2025-06-28,3,18,3353
2025-06-28,4,2,1058
2025-06-28,5,9,1617
2025-06-28,6,7,708
2025-06-28,7,14,240
2025-06-28,8,9,2394
2025-06-28,9,0,2894
2025-06-28,10,17,894
2025-06-28,11,1,787
2025-06-28,12,18,1806
2025-06-28,13,12,1583
2025-06-28,14,0,1874
2025-06-28,15,1,2121
2025-06-28,16,15,2443
2025-06-28,17,14,3034
2025-06-28,18,12,2591
2025-06-28,19,15,1902
2025-06-28,20,16,241
2025-06-28,21,6,4974
2025-06-28,22,16,3354
2025-06-28,23,6,1608
2025-06-28,24,12,234
2025-06-28,25,4,4490
2025-06-28,26,16,741
2025-06-28,27,2,1926
2025-06-28,28,6,3454
2025-06-28,29,16,2629
2025-06-28,30,6,4192
2025-06-28,31,0,4310
2025-06-28,32,16,553
2025-06-28,33,16,3118
2025-06-28,34,10,2034
2025-06-28,35,2,1818
2025-06-28,36,14,3251
2025-06-28,37,10,4809
2025-06-28,38,15,3102
2025-06-28,39,8,3807
2025-06-28,40,0,2080
2025-06-28,41,15,4446
2025-06-28,42,8,3474
2025-06-28,43,18,1474
2025-06-28,44,11,4959
2025-06-28,45,18,3355
2025-06-28,46,8,1862
2025-06-28,47,6,2401
2025-06-28,48,13,4006
2025-06-28,49,18,3860
2025-06-28,50,18,3148
2025-06-28,51,1,238
2025-06-28,52,8,720
2025-06-28,53,12,2727
2025-06-28,54,14,4648
2025-06-28,55,2,4944
2025-06-28,56,10,4542
2025-06-28,57,13,3294
2025-06-28,58,7,1687
2025-06-28,59,17,1452
2025-06-28,60,18,2749
2025-06-28,61,15,4291
2025-06-28,62,1,467
2025-06-28,63,7,1643
2025-06-28,64,5,2813
2025-06-28,65,11,901
2025-06-28,66,14,2245
2025-06-28,67,7,3438
2025-06-28,68,3,4965
2025-06-28,69,14,4677
2025-06-28,70,19,4986
2025-06-28,71,16,3648
2025-06-28,72,12,1888
2025-06-28,73,17,4568
2025-06-28,74,1,4478
2025-06-28,75,12,1765
2025-06-28,76,12,4132
2025-06-28,77,14,4512
2025-06-28,78,19,368
2025-06-28,79,9,3188
2025-06-28,80,2,4752
2025-06-28,81,18,313
2025-06-28,82,2,1372
2025-06-28,83,13,902
2025-06-28,84,7,4525
2025-06-28,85,3,703
2025-06-28,86,19,2121
2025-06-28,87,10,1821
2025-06-28,88,10,637
2025-06-28,89,10,822
2025-06-28,90,1,512
2025-06-28,91,16,369
2025-06-28,92,8,3631
2025-06-28,93,1,4539
2025-06-28,94,14,3952
2025-06-28,95,15,452
2025-06-28,96,3,3456
2025-06-28,97,7,1729
2025-06-28,98,8,890
2025-06-28,99,4,1974
2025-06-28,100,15,699
2025-06-27,1,12,2819
2025-06-27,2,6,3340
2025-06-27,3,19,3353
2025-06-27,4,16,1058
2025-06-27,5,2,1617
2025-06-27,6,4,708
2025-06-27,7,18,240
2025-06-27,8,11,2394
2025-06-27,9,6,2894
2025-06-27,10,8,894
2025-06-27,11,5,787
2025-06-27,12,16,1806
2025-06-27,13,15,1583
2025-06-27,14,2,1874
2025-06-27,15,3,2121
2025-06-27,16,9,2443
2025-06-27,17,4,3034
2025-06-27,18,9,2591
2025-06-27,19,11,1902
2025-06-27,20,9,241
2025-06-27,21,12,4974
2025-06-27,22,10,3354
2025-06-27,23,15,1608
2025-06-27,24,7,234
2025-06-27,25,7,4490
2025-06-27,26,7,741
2025-06-27,27,12,1926
2025-06-27,28,1,3454
2025-06-27,29,11,2629
2025-06-27,30,9,4192
2025-06-27,31,11,4310
2025-06-27,32,10,553
2025-06-27,33,14,3118
2025-06-27,34,15,2034
2025-06-27,35,16,1818
2025-06-27,36,1,3251
2025-06-27,37,17,4809
2025-06-27,38,11,3102
2025-06-27,39,18,3807
2025-06-27,40,17,2080
2025-06-27,41,16,4446
2025-06-27,42,5,3474
2025-06-27,43,14,1474
2025-06-27,44,2,4959
2025-06-27,45,5,3355
2025-06-27,46,2,1862
2025-06-27,47,0,2401
2025-06-27,48,12,4006
2025-06-27,49,13,3860
2025-06-27,50,12,3148
2025-06-27,51,3,238
2025-06-27,52,6,720
2025-06-27,53,9,2727
2025-06-27,54,6,4648
2025-06-27,55,14,4944
2025-06-27,56,14,4542
2025-06-27,57,3,3294
2025-06-27,58,5,1687
2025-06-27,59,19,1452
2025-06-27,60,4,2749
2025-06-27,61,19,4291
2025-06-27,62,11,467
2025-06-27,63,0,1643
2025-06-27,64,7,2813
2025-06-27,65,0,901
2025-06-27,66,4,2245
2025-06-27,67,5,3438
2025-06-27,68,2,4965
2025-06-27,69,14,4677
2025-06-27,70,4,4986
2025-06-27,71,13,3648
2025-06-27,72,17,1888
2025-06-27,73,15,4568
2025-06-27,74,5,4478
2025-06-27,75,13,1765
2025-06-27,76,7,4132
2025-06-27,77,6,4512
2025-06-27,78,7,368
2025-06-27,79,12,3188
2025-06-27,80,5,4752
2025-06-27,81,17,313
2025-06-27,82,1,1372
2025-06-27,83,7,902
2025-06-27,84,10,4525
2025-06-27,85,0,703
2025-06-27,86,5,2121
2025-06-27,87,15,1821
2025-06-27,88,19,637
2025-06-27,89,11,822
2025-06-27,90,10,512
2025-06-27,91,9,369
2025-06-27,92,2,3631
2025-06-27,93,12,4539
2025-06-27,94,2,3952
2025-06-27,95,14,452
2025-06-27,96,15,3456
2025-06-27,97,12,1729
2025-06-27,98,16,890
2025-06-27,99,2,1974
2025-06-27,100,19,699
2025-06-26,1,10,2819
2025-06-26,2,18,3340
2025-06-26,3,10,3353
2025-06-26,4,15,1058
2025-06-26,5,2,1617
2025-06-26,6,5,708
2025-06-26,7,13,240
2025-06-26,8,17,2394
2025-06-26,9,16,2894
2025-06-26,10,3,894
2025-06-26,11,14,787
2025-06-26,12,10,1806
2025-06-26,13,2,1583
2025-06-26,14,2,1874
2025-06-26,15,15,2121
2025-06-26,16,4,2443
2025-06-26,17,9,3034
2025-06-26,18,18,2591
2025-06-26,19,3,1902
2025-06-26,20,18,241
2025-06-26,21,10,4974
2025-06-26,22,1,3354
2025-06-26,23,9,1608
2025-06-26,24,10,234
2025-06-26,25,19,4490
2025-06-26,26,15,741
2025-06-26,27,18,1926
2025-06-26,28,10,3454
2025-06-26,29,13,2629
2025-06-26,30,1,4192
2025-06-26,31,4,4310
2025-06-26,32,4,553
2025-06-26,33,18,3118
2025-06-26,34,11,2034
2025-06-26,35,17,1818
2025-06-26,36,3,3251
2025-06-26,37,16,4809
2025-06-26,38,9,3102
2025-06-26,39,19,3807
2025-06-26,40,5,2080
2025-06-26,41,13,4446
2025-06-26,42,10,3474
2025-06-26,43,10,1474
2025-06-26,44,17,4959
2025-06-26,45,17,3355
2025-06-26,46,10,1862
2025-06-26,47,11,2401
2025-06-26,48,4,4006
2025-06-26,49,8,3860
2025-06-26,50,8,3148
2025-06-26,51,9,238
2025-06-26,52,18,720
2025-06-26,53,0,2727
2025-06-26,54,6,4648
2025-06-26,55,3,4944
2025-06-26,56,0,4542
2025-06-26,57,14,3294
2025-06-26,58,7,1687
2025-06-26,59,11,1452
2025-06-26,60,17,2749
2025-06-26,61,14,4291
2025-06-26,62,16,467
2025-06-26,63,13,1643
2025-06-26,64,13,2813
2025-06-26,65,17,901
2025-06-26,66,19,2245
2025-06-26,67,17,3438
2025-06-26,68,15,4965
2025-06-26,69,0,4677
2025-06-26,70,10,4986
2025-06-26,71,14,3648
2025-06-26,72,11,1888
2025-06-26,73,7,4568
2025-06-26,74,19,4478
2025-06-26,75,5,1765
2025-06-26,76,2,4132
2025-06-26,77,12,4512
2025-06-26,78,12,368
2025-06-26,79,1,3188
2025-06-26,80,4,4752
2025-06-26,81,16,313
2025-06-26,82,5,1372
2025-06-26,83,1,902
2025-06-26,84,3,4525
2025-06-26,85,10,703
2025-06-26,86,7,2121
2025-06-26,87,11,1821
2025-06-26,88,7,637
2025-06-26,89,10,822
2025-06-26,90,19,512
2025-06-26,91,7,369
2025-06-26,92,7,3631
2025-06-26,93,16,4539
2025-06-26,94,19,3952
2025-06-26,95,19,452
2025-06-26,96,15,3456
2025-06-26,97,13,1729
2025-06-26,98,10,890
2025-06-26,99,6,1974
2025-06-26,100,15,699
2025-06-25,1,12,2819
2025-06-25,2,14,3340
2025-06-25,3,15,3353
2025-06-25,4,8,1058
2025-06-25,5,2,1617
2025-06-25,6,18,708
2025-06-25,7,19,240
2025-06-25,8,4,2394
2025-06-25,9,9,2894
2025-06-25,10,16,894
2025-06-25,11,14,787
2025-06-25,12,7,1806
2025-06-25,13,14,1583
2025-06-25,14,13,1874
2025-06-25,15,19,2121
2025-06-25,16,6,2443
2025-06-25,17,11,3034
2025-06-25,18,16,2591
2025-06-25,19,16,1902
2025-06-25,20,9,241
2025-06-25,21,18,4974
2025-06-25,22,13,3354
2025-06-25,23,10,1608
2025-06-25,24,1,234
2025-06-25,25,17,4490
2025-06-25,26,6,741
2025-06-25,27,11,1926
2025-06-25,28,1,3454
2025-06-25,29,19,2629
2025-06-25,30,17,4192
2025-06-25,31,5,4310
2025-06-25,32,9,553
2025-06-25,33,19,3118
2025-06-25,34,14,2034
2025-06-25,35,4,1818
2025-06-25,36,19,3251
2025-06-25,37,2,4809
2025-06-25,38,4,3102
2025-06-25,39,7,3807
2025-06-25,40,7,2080
2025-06-25,41,7,4446
2025-06-25,42,11,3474
2025-06-25,43,7,1474
2025-06-25,44,10,4959
2025-06-25,45,13,3355
2025-06-25,46,7,1862
2025-06-25,47,9,2401
2025-06-25,48,6,4006
2025-06-25,49,16,3860
2025-06-25,50,3,3148
2025-06-25,51,12,238
2025-06-25,52,3,720
2025-06-25,53,4,2727
2025-06-25,54,3,4648
2025-06-25,55,17,4944
2025-06-25,56,5,4542
2025-06-25,57,1,3294
2025-06-25,58,10,1687
2025-06-25,59,13,1452
2025-06-25,60,4,2749
2025-06-25,61,5,4291
2025-06-25,62,9,467
2025-06-25,63,7,1643
2025-06-25,64,13,2813
2025-06-25,65,2,901
2025-06-25,66,11,2245
2025-06-25,67,15,3438
2025-06-25,68,16,4965
2025-06-25,69,0,4677
2025-06-25,70,9,4986
2025-06-25,71,9,3648
2025-06-25,72,1,1888
2025-06-25,73,8,4568
2025-06-25,74,12,4478
2025-06-25,75,15,1765
2025-06-25,76,17,4132
2025-06-25,77,18,4512
2025-06-25,78,11,368
2025-06-25,79,7,3188
2025-06-25,80,16,4752
2025-06-25,81,14,313
2025-06-25,82,9,1372
2025-06-25,83,14,902
2025-06-25,84,14,4525
2025-06-25,85,6,703
2025-06-25,86,12,2121
2025-06-25,87,16,1821
2025-06-25,88,8,637
2025-06-25,89,7,822
2025-06-25,90,19,512
2025-06-25,91,17,369
2025-06-25,92,12,3631
2025-06-25,93,15,4539
2025-06-25,94,8,3952
2025-06-25,95,11,452
2025-06-25,96,11,3456
2025-06-25,97,5,1729
2025-06-25,98,18,890
2025-06-25,99,6,1974
2025-06-25,100,2,699
2025-06-24,1,15,2819
2025-06-24,2,17,3340
2025-06-24,3,15,3353
2025-06-24,4,6,1058
2025-06-24,5,3,1617
2025-06-24,6,7,708
2025-06-24,7,12,240
2025-06-24,8,12,2394
2025-06-24,9,16,2894
2025-06-24,10,16,894
2025-06-24,11,4,787
2025-06-24,12,5,1806
2025-06-24,13,18,1583
2025-06-24,14,12,1874
2025-06-24,15,13,2121
2025-06-24,16,3,2443
2025-06-24,17,6,3034
2025-06-24,18,7,2591
2025-06-24,19,12,1902
2025-06-24,20,5,241
2025-06-24,21,5,4974
2025-06-24,22,2,3354
2025-06-24,23,2,1608
2025-06-24,24,12,234
2025-06-24,25,1,4490
2025-06-24,26,15,741
2025-06-24,27,5,1926
2025-06-24,28,7,3454
2025-06-24,29,7,2629
2025-06-24,30,5,4192
2025-06-24,31,13,4310
2025-06-24,32,2,553
2025-06-24,33,9,3118
2025-06-24,34,2,2034
2025-06-24,35,11,1818
2025-06-24,36,16,3251
2025-06-24,37,4,4809
2025-06-24,38,19,3102
2025-06-24,39,8,3807
2025-06-24,40,19,2080
2025-06-24,41,6,4446
2025-06-24,42,3,3474
2025-06-24,43,12,1474
2025-06-24,44,12,4959
2025-06-24,45,9,3355
2025-06-24,46,17,1862
2025-06-24,47,16,2401
2025-06-24,48,19,4006
2025-06-24,49,19,3860
2025-06-24,50,12,3148
2025-06-24,51,16,238
2025-06-24,52,3,720
2025-06-24,53,0,2727
2025-06-24,54,0,4648
2025-06-24,55,14,4944
2025-06-24,56,12,4542
2025-06-24,57,16,3294
2025-06-24,58,7,1687
2025-06-24,59,17,1452
2025-06-24,60,12,2749
2025-06-24,61,13,4291
2025-06-24,62,7,467
2025-06-24,63,7,1643
2025-06-24,64,14,2813
2025-06-24,65,12,901
2025-06-24,66,6,2245
2025-06-24,67,4,3438
2025-06-24,68,16,4965
2025-06-24,69,15,4677
2025-06-24,70,1,4986
2025-06-24,71,17,3648
2025-06-24,72,16,1888
2025-06-24,73,6,4568
2025-06-24,74,12,4478
2025-06-24,75,17,1765
2025-06-24,76,13,4132
2025-06-24,77,17,4512
2025-06-24,78,12,368
2025-06-24,79,10,3188
2025-06-24,80,15,4752
2025-06-24,81,16,313
2025-06-24,82,7,1372
2025-06-24,83,18,902
2025-06-24,84,19,4525
2025-06-24,85,14,703
2025-06-24,86,8,2121
2025-06-24,87,19,1821
2025-06-24,88,9,637
2025-06-24,89,11,822
2025-06-24,90,19,512
2025-06-24,91,0,369
2025-06-24,92,19,3631
2025-06-24,93,8,4539
2025-06-24,94,14,3952
2025-06-24,95,0,452
2025-06-24,96,11,3456
2025-06-24,97,2,1729
2025-06-24,98,10,890
2025-06-24,99,1,1974
2025-06-24,100,15,699
2025-06-23,1,8,2819
2025-06-23,2,14,3340
2025-06-23,3,11,3353
2025-06-23,4,0,1058
2025-06-23,5,12,1617
2025-06-23,6,13,708
2025-06-23,7,7,240
2025-06-23,8,7,2394
2025-06-23,9,11,2894
2025-06-23,10,0,894
2025-06-23,11,10,787
2025-06-23,12,7,1806
2025-06-23,13,9,1583
2025-06-23,14,18,1874
2025-06-23,15,10,2121
2025-06-23,16,6,2443
2025-06-23,17,10,3034
2025-06-23,18,16,2591
2025-06-23,19,0,1902
2025-06-23,20,7,241
2025-06-23,21,5,4974
2025-06-23,22,17,3354
2025-06-23,23,5,1608
2025-06-23,24,4,234
2025-06-23,25,12,4490
2025-06-23,26,18,741
2025-06-23,27,7,1926
2025-06-23,28,8,3454
2025-06-23,29,16,2629
2025-06-23,30,2,4192
2025-06-23,31,18,4310
2025-06-23,32,10,553
2025-06-23,33,16,3118
2025-06-23,34,18,2034
2025-06-23,35,1,1818
2025-06-23,36,7,3251
2025-06-23,37,18,4809
2025-06-23,38,6,3102
2025-06-23,39,16,3807
2025-06-23,40,5,2080
2025-06-23,41,18,4446
2025-06-23,42,5,3474
2025-06-23,43,1,1474
2025-06-23,44,5,4959
2025-06-23,45,4,3355
2025-06-23,46,18,1862
2025-06-23,47,19,2401
2025-06-23,48,3,4006
2025-06-23,49,16,3860
2025-06-23,50,10,3148
2025-06-23,51,3,238
2025-06-23,52,12,720
2025-06-23,53,19,2727
2025-06-23,54,16,4648
2025-06-23,55,8,4944
2025-06-23,56,3,4542
2025-06-23,57,13,3294
2025-06-23,58,18,1687
2025-06-23,59,2,1452
2025-06-23,60,13,2749
2025-06-23,61,7,4291
2025-06-23,62,0,467
2025-06-23,63,9,1643
2025-06-23,64,17,2813
2025-06-23,65,15,901
2025-06-23,66,7,2245
2025-06-23,67,0,3438
2025-06-23,68,11,4965
2025-06-23,69,7,4677
2025-06-23,70,15,4986
2025-06-23,71,17,3648
2025-06-23,72,3,1888
2025-06-23,73,5,4568
2025-06-23,74,11,4478
2025-06-23,75,8,1765
2025-06-23,76,14,4132
2025-06-23,77,15,4512
2025-06-23,78,11,368
2025-06-23,79,13,3188
2025-06-23,80,12,4752
2025-06-23,81,1,313
2025-06-23,82,2,1372
2025-06-23,83,9,902
2025-06-23,84,8,4525
2025-06-23,85,19,703
2025-06-23,86,7,2121
2025-06-23,87,9,1821
2025-06-23,88,18,637
2025-06-23,89,2,822
2025-06-23,90,4,512
2025-06-23,91,2,369
2025-06-23,92,15,3631
2025-06-23,93,16,4539
2025-06-23,94,14,3952
2025-06-23,95,2,452
2025-06-23,96,11,3456
2025-06-23,97,8,1729
2025-06-23,98,11,890
2025-06-23,99,14,1974
2025-06-23,100,1,699
2025-06-22,1,17,2819
2025-06-22,2,19,3340
2025-06-22,3,11,3353
2025-06-22,4,3,1058
2025-06-22,5,15,1617
2025-06-22,6,15,708
2025-06-22,7,0,240
2025-06-22,8,1,2394
2025-06-22,9,2,2894
2025-06-22,10,19,894
2025-06-22,11,16,787
2025-06-22,12,19,1806
2025-06-22,13,0,1583
2025-06-22,14,19,1874
2025-06-22,15,5,2121
2025-06-22,16,14,2443
2025-06-22,17,13,3034
2025-06-22,18,19,2591
2025-06-22,19,14,1902
2025-06-22,20,13,241
2025-06-22,21,4,4974
2025-06-22,22,5,3354
2025-06-22,23,16,1608
2025-06-22,24,10,234
2025-06-22,25,15,4490
2025-06-22,26,11,741
2025-06-22,27,14,1926
2025-06-22,28,3,3454
2025-06-22,29,17,2629
2025-06-22,30,2,4192
2025-06-22,31,7,4310
2025-06-22,32,2,553
2025-06-22,33,7,3118
2025-06-22,34,17,2034
2025-06-22,35,9,1818
2025-06-22,36,19,3251
2025-06-22,37,16,4809
2025-06-22,38,7,3102
2025-06-22,39,10,3807
2025-06-22,40,4,2080
2025-06-22,41,12,4446
2025-06-22,42,4,3474
2025-06-22,43,12,1474
2025-06-22,44,5,4959
2025-06-22,45,4,3355
2025-06-22,46,8,1862
2025-06-22,47,15,2401
2025-06-22,48,1,4006
2025-06-22,49,0,3860
2025-06-22,50,7,3148
2025-06-22,51,18,238
2025-06-22,52,10,720
2025-06-22,53,11,2727
2025-06-22,54,11,4648
2025-06-22,55,6,4944
2025-06-22,56,12,4542
2025-06-22,57,7,3294
2025-06-22,58,8,1687
2025-06-22,59,6,1452
2025-06-22,60,14,2749
2025-06-22,61,1,4291
2025-06-22,62,19,467
2025-06-22,63,11,1643
2025-06-22,64,0,2813
2025-06-22,65,7,901
2025-06-22,66,4,2245
2025-06-22,67,14,3438
2025-06-22,68,0,4965
2025-06-22,69,0,4677
2025-06-22,70,9,4986
2025-06-22,71,9,3648
2025-06-22,72,14,1888
2025-06-22,73,16,4568
2025-06-22,74,5,4478
2025-06-22,75,2,1765
2025-06-22,76,12,4132
2025-06-22,77,15,4512
2025-06-22,78,7,368
2025-06-22,79,14,3188
2025-06-22,80,16,4752
2025-06-22,81,16,313
2025-06-22,82,12,1372
2025-06-22,83,16,902
2025-06-22,84,5,4525
2025-06-22,85,16,703
2025-06-22,86,15,2121
2025-06-22,87,13,1821
2025-06-22,88,12,637
2025-06-22,89,5,822
2025-06-22,90,2,512
2025-06-22,91,13,369
2025-06-22,92,13,3631
2025-06-22,93,14,4539
2025-06-22,94,7,3952
2025-06-22,95,14,452
2025-06-22,96,12,3456
2025-06-22,97,16,1729
2025-06-22,98,2,890
2025-06-22,99,5,1974
2025-06-22,100,4,699
2025-06-21,1,16,2819
2025-06-21,2,1,3340
2025-06-21,3,14,3353
2025-06-21,4,4,1058
2025-06-21,5,19,1617
2025-06-21,6,5,708
2025-06-21,7,5,240
2025-06-21,8,17,2394
2025-06-21,9,17,2894
2025-06-21,10,3,894
2025-06-21,11,16,787
2025-06-21,12,13,1806
2025-06-21,13,13,1583
2025-06-21,14,12,1874
2025-06-21,15,6,2121
2025-06-21,16,11,2443
2025-06-21,17,14,3034
2025-06-21,18,18,2591
2025-06-21,19,10,1902
2025-06-21,20,14,241
2025-06-21,21,11,4974
2025-06-21,22,2,3354
2025-06-21,23,16,1608
2025-06-21,24,2,234
2025-06-21,25,18,4490
2025-06-21,26,19,741
2025-06-21,27,3,1926
2025-06-21,28,2,3454
2025-06-21,29,15,2629
2025-06-21,30,11,4192
2025-06-21,31,7,4310
2025-06-21,32,16,553
2025-06-21,33,6,3118
2025-06-21,34,10,2034
2025-06-21,35,17,1818
2025-06-21,36,0,3251
2025-06-21,37,2,4809
2025-06-21,38,3,3102
2025-06-21,39,12,3807
2025-06-21,40,5,2080
2025-06-21,41,13,4446
2025-06-21,42,4,3474
2025-06-21,43,15,1474
2025-06-21,44,14,4959
2025-06-21,45,14,3355
2025-06-21,46,3,1862
2025-06-21,47,7,2401
2025-06-21,48,15,4006
2025-06-21,49,15,3860
2025-06-21,50,3,3148
2025-06-21,51,12,238
2025-06-21,52,12,720
2025-06-21,53,1,2727
2025-06-21,54,2,4648
2025-06-21,55,7,4944
2025-06-21,56,14,4542
2025-06-21,57,10,3294
2025-06-21,58,8,1687
2025-06-21,59,6,1452
2025-06-21,60,12,2749
2025-06-21,61,1,4291
2025-06-21,62,7,467
2025-06-21,63,6,1643
2025-06-21,64,11,2813
2025-06-21,65,18,901
2025-06-21,66,6,2245
2025-06-21,67,9,3438
2025-06-21,68,15,4965
2025-06-21,69,2,4677
2025-06-21,70,9,4986
2025-06-21,71,5,3648
2025-06-21,72,17,1888
2025-06-21,73,17,4568
2025-06-21,74,4,4478
2025-06-21,75,6,1765
2025-06-21,76,1,4132
2025-06-21,77,10,4512
2025-06-21,78,12,368
2025-06-21,79,4,3188
2025-06-21,80,5,4752
2025-06-21,81,13,313
2025-06-21,82,11,1372
2025-06-21,83,3,902
2025-06-21,84,5,4525
2025-06-21,85,9,703
2025-06-21,86,17,2121
2025-06-21,87,14,1821
2025-06-21,88,7,637
2025-06-21,89,8,822
2025-06-21,90,4,512
2025-06-21,91,9,369
2025-06-21,92,19,3631
2025-06-21,93,5,4539
2025-06-21,94,15,3952
2025-06-21,95,2,452
2025-06-21,96,9,3456
2025-06-21,97,10,1729
2025-06-21,98,10,890
2025-06-21,99,16,1974
2025-06-21,100,3,699
2025-06-20,1,3,2819
2025-06-20,2,16,3340
2025-06-20,3,8,3353
2025-06-20,4,18,1058
2025-06-20,5,4,1617
2025-06-20,6,5,708
2025-06-20,7,2,240
2025-06-20,8,0,2394
2025-06-20,9,19,2894
2025-06-20,10,15,894
2025-06-20,11,10,787
2025-06-20,12,12,1806
2025-06-20,13,9,1583
2025-06-20,14,2,1874
2025-06-20,15,8,2121
2025-06-20,16,11,2443
2025-06-20,17,13,3034
2025-06-20,18,0,2591
2025-06-20,19,17,1902
2025-06-20,20,16,241
2025-06-20,21,8,4974
2025-06-20,22,8,3354
2025-06-20,23,9,1608
2025-06-20,24,18,234
2025-06-20,25,14,4490
2025-06-20,26,4,741
2025-06-20,27,14,1926
2025-06-20,28,19,3454
2025-06-20,29,1,2629
2025-06-20,30,12,4192
2025-06-20,31,15,4310
2025-06-20,32,14,553
2025-06-20,33,9,3118
2025-06-20,34,13,2034
2025-06-20,35,9,1818
2025-06-20,36,13,3251
2025-06-20,37,8,4809
2025-06-20,38,13,3102
2025-06-20,39,2,3807
2025-06-20,40,19,2080
2025-06-20,41,15,4446
2025-06-20,42,1,3474
2025-06-20,43,9,1474
2025-06-20,44,2,4959
2025-06-20,45,10,3355
2025-06-20,46,10,1862
2025-06-20,47,12,2401
2025-06-20,48,6,4006
2025-06-20,49,16,3860
2025-06-20,50,1,3148
2025-06-20,51,11,238
2025-06-20,52,9,720
2025-06-20,53,17,2727
2025-06-20,54,10,4648
2025-06-20,55,15,4944
2025-06-20,56,16,4542
2025-06-20,57,18,3294
2025-06-20,58,17,1687
2025-06-20,59,2,1452
2025-06-20,60,15,2749
2025-06-20,61,5,4291
2025-06-20,62,11,467
2025-06-20,63,10,1643
2025-06-20,64,14,2813
2025-06-20,65,14,901
2025-06-20,66,15,2245
2025-06-20,67,9,3438
2025-06-20,68,11,4965
2025-06-20,69,12,4677
2025-06-20,70,3,4986
2025-06-20,71,6,3648
2025-06-20,72,1,1888
2025-06-20,73,14,4568
2025-06-20,74,7,4478
2025-06-20,75,6,1765
2025-06-20,76,14,4132
2025-06-20,77,13,4512
2025-06-20,78,7,368
2025-06-20,79,11,3188
2025-06-20,80,12,4752
2025-06-20,81,10,313
2025-06-20,82,16,1372
2025-06-20,83,16,902
2025-06-20,84,3,4525
2025-06-20,85,7,703
2025-06-20,86,4,2121
2025-06-20,87,15,1821
2025-06-20,88,3,637
2025-06-20,89,14,822
2025-06-20,90,11,512
2025-06-20,91,4,369
2025-06-20,92,15,3631
2025-06-20,93,13,4539
2025-06-20,94,9,3952
2025-06-20,95,6,452
2025-06-20,96,12,3456
2025-06-20,97,19,1729
2025-06-20,98,4,890
2025-06-20,99,2,1974
2025-06-20,100,14,699
2025-06-19,1,3,2819
2025-06-19,2,14,3340
2025-06-19,3,13,3353
2025-06-19,4,19,1058
2025-06-19,5,18,1617
2025-06-19,6,12,708
2025-06-19,7,9,240
2025-06-19,8,4,2394
2025-06-19,9,19,2894
2025-06-19,10,19,894
2025-06-19,11,5,787
2025-06-19,12,3,1806
2025-06-19,13,1,1583
2025-06-19,14,15,1874
2025-06-19,15,17,2121
2025-06-19,16,4,2443
2025-06-19,17,3,3034
2025-06-19,18,12,2591
2025-06-19,19,18,1902
2025-06-19,20,1,241
2025-06-19,21,12,4974
2025-06-19,22,10,3354
2025-06-19,23,3,1608
2025-06-19,24,19,234
2025-06-19,25,19,4490
2025-06-19,26,14,741
2025-06-19,27,3,1926
2025-06-19,28,8,3454
2025-06-19,29,6,2629
2025-06-19,30,18,4192
2025-06-19,31,18,4310
2025-06-19,32,5,553
2025-06-19,33,5,3118
2025-06-19,34,19,2034
2025-06-19,35,14,1818
2025-06-19,36,14,3251
2025-06-19,37,19,4809
2025-06-19,38,8,3102
2025-06-19,39,3,3807
2025-06-19,40,17,2080
2025-06-19,41,17,4446
2025-06-19,42,4,3474
2025-06-19,43,19,1474
2025-06-19,44,10,4959
2025-06-19,45,4,3355
2025-06-19,46,3,1862
2025-06-19,47,11,2401
2025-06-19,48,1,4006
2025-06-19,49,12,3860
2025-06-19,50,9,3148
2025-06-19,51,8,238
2025-06-19,52,9,720
2025-06-19,53,6,2727
2025-06-19,54,3,4648
2025-06-19,55,18,4944
2025-06-19,56,9,4542
2025-06-19,57,2,3294
2025-06-19,58,18,1687
2025-06-19,59,1,1452
2025-06-19,60,19,2749
2025-06-19,61,9,4291
2025-06-19,62,1,467
2025-06-19,63,1,1643
2025-06-19,64,16,2813
2025-06-19,65,15,901
2025-06-19,66,15,2245
2025-06-19,67,13,3438
2025-06-19,68,6,4965
2025-06-19,69,10,4677
2025-06-19,70,0,4986
2025-06-19,71,10,3648
2025-06-19,72,3,1888
2025-06-19,73,6,4568
2025-06-19,74,14,4478
2025-06-19,75,17,1765
2025-06-19,76,11,4132
2025-06-19,77,16,4512
2025-06-19,78,0,368
2025-06-19,79,10,3188
2025-06-19,80,0,4752
2025-06-19,81,14,313
2025-06-19,82,9,1372
2025-06-19,83,6,902
2025-06-19,84,1,4525
2025-06-19,85,9,703
2025-06-19,86,3,2121
2025-06-19,87,11,1821
2025-06-19,88,18,637
2025-06-19,89,10,822
2025-06-19,90,7,512
2025-06-19,91,17,369
2025-06-19,92,10,3631
2025-06-19,93,10,4539
2025-06-19,94,12,3952
2025-06-19,95,2,452
2025-06-19,96,11,3456
2025-06-19,97,2,1729
2025-06-19,98,9,890
2025-06-19,99,16,1974
2025-06-19,100,1,699
2025-06-18,1,16,2819
2025-06-18,2,15,3340
2025-06-18,3,1,3353
2025-06-18,4,19,1058
2025-06-18,5,5,1617
2025-06-18,6,9,708
2025-06-18,7,9,240
2025-06-18,8,7,2394
2025-06-18,9,0,2894
2025-06-18,10,12,894
2025-06-18,11,8,787
2025-06-18,12,9,1806
2025-06-18,13,14,1583
2025-06-18,14,4,1874
2025-06-18,15,15,2121
2025-06-18,16,12,2443
2025-06-18,17,19,3034
2025-06-18,18,17,2591
2025-06-18,19,10,1902
2025-06-18,20,8,241
2025-06-18,21,15,4974
2025-06-18,22,1,3354
2025-06-18,23,1,1608
2025-06-18,24,11,234
2025-06-18,25,7,4490
2025-06-18,26,8,741
2025-06-18,27,11,1926
2025-06-18,28,8,3454
2025-06-18,29,9,2629
2025-06-18,30,1,4192
2025-06-18,31,15,4310
2025-06-18,32,19,553
2025-06-18,33,6,3118
2025-06-18,34,1,2034
2025-06-18,35,0,1818
2025-06-18,36,18,3251
2025-06-18,37,3,4809
2025-06-18,38,1,3102
2025-06-18,39,13,3807
2025-06-18,40,1,2080
2025-06-18,41,14,4446
2025-06-18,42,11,3474
2025-06-18,43,4,1474
2025-06-18,44,19,4959
2025-06-18,45,6,3355
2025-06-18,46,9,1862
2025-06-18,47,13,2401
2025-06-18,48,13,4006
2025-06-18,49,4,3860
2025-06-18,50,17,3148
2025-06-18,51,13,238
2025-06-18,52,1,720
2025-06-18,53,11,2727
2025-06-18,54,5,4648
2025-06-18,55,3,4944
2025-06-18,56,12,4542
2025-06-18,57,3,3294
2025-06-18,58,13,1687
2025-06-18,59,15,1452
2025-06-18,60,3,2749
2025-06-18,61,0,4291
2025-06-18,62,12,467
2025-06-18,63,3,1643
2025-06-18,64,19,2813
2025-06-18,65,17,901
2025-06-18,66,5,2245
2025-06-18,67,2,3438
2025-06-18,68,12,4965
2025-06-18,69,15,4677
2025-06-18,70,4,4986
2025-06-18,71,3,3648
2025-06-18,72,7,1888
2025-06-18,73,18,4568
2025-06-18,74,13,4478
2025-06-18,75,6,1765
2025-06-18,76,13,4132
2025-06-18,77,5,4512
2025-06-18,78,11,368
2025-06-18,79,15,3188
2025-06-18,80,16,4752
2025-06-18,81,12,313
2025-06-18,82,13,1372
2025-06-18,83,6,902
2025-06-18,84,13,4525
2025-06-18,85,14,703
2025-06-18,86,11,2121
2025-06-18,87,16,1821
2025-06-18,88,8,637
2025-06-18,89,14,822
2025-06-18,90,11,512
2025-06-18,91,1,369
2025-06-18,92,4,3631
2025-06-18,93,12,4539
2025-06-18,94,19,3952
2025-06-18,95,7,452
2025-06-18,96,13,3456
2025-06-18,97,14,1729
2025-06-18,98,10,890
2025-06-18,99,0,1974
2025-06-18,100,2,699
2025-06-17,1,16,2819
2025-06-17,2,18,3340
2025-06-17,3,13,3353
2025-06-17,4,7,1058
2025-06-17,5,12,1617
2025-06-17,6,19,708
2025-06-17,7,2,240
2025-06-17,8,4,2394
2025-06-17,9,8,2894
2025-06-17,10,5,894
2025-06-17,11,1,787
2025-06-17,12,12,1806
2025-06-17,13,4,1583
2025-06-17,14,7,1874
2025-06-17,15,0,2121
2025-06-17,16,19,2443
2025-06-17,17,11,3034
2025-06-17,18,10,2591
2025-06-17,19,6,1902
2025-06-17,20,14,241
2025-06-17,21,10,4974
2025-06-17,22,15,3354
2025-06-17,23,2,1608
2025-06-17,24,19,234
2025-06-17,25,13,4490
2025-06-17,26,2,741
2025-06-17,27,0,1926
2025-06-17,28,14,3454
2025-06-17,29,0,2629
2025-06-17,30,16,4192
2025-06-17,31,1,4310
2025-06-17,32,19,553
2025-06-17,33,5,3118
2025-06-17,34,7,2034
2025-06-17,35,15,1818
2025-06-17,36,18,3251
2025-06-17,37,0,4809
2025-06-17,38,2,3102
2025-06-17,39,2,3807
2025-06-17,40,4,2080
2025-06-17,41,11,4446
2025-06-17,42,11,3474
2025-06-17,43,19,1474
2025-06-17,44,12,4959
2025-06-17,45,19,3355
2025-06-17,46,8,1862
2025-06-17,47,6,2401
2025-06-17,48,3,4006
2025-06-17,49,18,3860
2025-06-17,50,18,3148
2025-06-17,51,5,238
2025-06-17,52,12,720
2025-06-17,53,10,2727
2025-06-17,54,12,4648
2025-06-17,55,12,4944
2025-06-17,56,19,4542
2025-06-17,57,14,3294
2025-06-17,58,12,1687
2025-06-17,59,10,1452
2025-06-17,60,18,2749
2025-06-17,61,7,4291
2025-06-17,62,19,467
2025-06-17,63,7,1643
2025-06-17,64,9,2813
2025-06-17,65,15,901
2025-06-17,66,18,2245
2025-06-17,67,10,3438
2025-06-17,68,12,4965
2025-06-17,69,8,4677
2025-06-17,70,19,4986
2025-06-17,71,18,3648
2025-06-17,72,15,1888
2025-06-17,73,6,4568
2025-06-17,74,18,4478
2025-06-17,75,11,1765
2025-06-17,76,14,4132
2025-06-17,77,13,4512
2025-06-17,78,10,368
2025-06-17,79,9,3188
2025-06-17,80,10,4752
2025-06-17,81,5,313
2025-06-17,82,1,1372
2025-06-17,83,10,902
2025-06-17,84,18,4525
2025-06-17,85,5,703
2025-06-17,86,13,2121
2025-06-17,87,19,1821
2025-06-17,88,5,637
2025-06-17,89,16,822
2025-06-17,90,9,512
2025-06-17,91,0,369
2025-06-17,92,2,3631
2025-06-17,93,7,4539
2025-06-17,94,7,3952
2025-06-17,95,19,452
2025-06-17,96,14,3456
2025-06-17,97,6,1729
2025-06-17,98,10,890
2025-06-17,99,6,1974
2025-06-17,100,3,699
2025-06-16,1,11,2819
2025-06-16,2,5,3340
2025-06-16,3,13,3353
2025-06-16,4,11,1058
2025-06-16,5,10,1617
2025-06-16,6,18,708
2025-06-16,7,4,240
2025-06-16,8,13,2394
2025-06-16,9,15,2894
2025-06-16,10,12,894
2025-06-16,11,19,787
2025-06-16,12,3,1806
2025-06-16,13,10,1583
2025-06-16,14,16,1874
2025-06-16,15,6,2121
2025-06-16,16,13,2443
2025-06-16,17,10,3034
2025-06-16,18,8,2591
2025-06-16,19,12,1902
2025-06-16,20,17,241
2025-06-16,21,10,4974
2025-06-16,22,14,3354
2025-06-16,23,18,1608
2025-06-16,24,0,234
2025-06-16,25,3,4490
2025-06-16,26,13,741
2025-06-16,27,13,1926
2025-06-16,28,2,3454
2025-06-16,29,16,2629
2025-06-16,30,2,4192
2025-06-16,31,15,4310
2025-06-16,32,13,553
2025-06-16,33,19,3118
2025-06-16,34,12,2034
2025-06-16,35,14,1818
2025-06-16,36,13,3251
2025-06-16,37,18,4809
2025-06-16,38,5,3102
2025-06-16,39,9,3807
2025-06-16,40,14,2080
2025-06-16,41,19,4446
2025-06-16,42,5,3474
2025-06-16,43,9,1474
2025-06-16,44,6,4959
2025-06-16,45,16,3355
2025-06-16,46,17,1862
2025-06-16,47,16,2401
2025-06-16,48,8,4006
2025-06-16,49,9,3860
2025-06-16,50,9,3148
2025-06-16,51,6,238
2025-06-16,52,15,720
2025-06-16,53,17,2727
2025-06-16,54,5,4648
2025-06-16,55,19,4944
2025-06-16,56,0,4542
2025-06-16,57,0,3294
2025-06-16,58,11,1687
2025-06-16,59,1,1452
2025-06-16,60,3,2749
2025-06-16,61,16,4291
2025-06-16,62,3,467
2025-06-16,63,10,1643
2025-06-16,64,3,2813
2025-06-16,65,0,901
2025-06-16,66,6,2245
2025-06-16,67,17,3438
2025-06-16,68,8,4965
2025-06-16,69,2,4677
2025-06-16,70,7,4986
2025-06-16,71,18,3648
2025-06-16,72,3,1888
2025-06-16,73,17,4568
2025-06-16,74,19,4478
2025-06-16,75,10,1765
2025-06-16,76,13,4132
2025-06-16,77,17,4512
2025-06-16,78,15,368
2025-06-16,79,2,3188
2025-06-16,80,14,4752
2025-06-16,81,3,313
2025-06-16,82,4,1372
2025-06-16,83,16,902
2025-06-16,84,6,4525
2025-06-16,85,15,703
2025-06-16,86,13,2121
2025-06-16,87,15,1821
2025-06-16,88,6,637
2025-06-16,89,8,822
2025-06-16,90,3,512
2025-06-16,91,10,369
2025-06-16,92,1,3631
2025-06-16,93,11,4539
2025-06-16,94,11,3952
2025-06-16,95,3,452
2025-06-16,96,17,3456
2025-06-16,97,6,1729
2025-06-16,98,0,890
2025-06-16,99,12,1974
2025-06-16,100,5,699
2025-06-15,1,5,2819
2025-06-15,2,11,3340
2025-06-15,3,7,3353
2025-06-15,4,18,1058
2025-06-15,5,4,1617
2025-06-15,6,17,708
2025-06-15,7,4,240
2025-06-15,8,9,2394
2025-06-15,9,0,2894
2025-06-15,10,9,894
2025-06-15,11,4,787
2025-06-15,12,11,1806
2025-06-15,13,6,1583
2025-06-15,14,8,1874
2025-06-15,15,11,2121
2025-06-15,16,0,2443
2025-06-15,17,10,3034
2025-06-15,18,14,2591
2025-06-15,19,1,1902
2025-06-15,20,19,241
2025-06-15,21,6,4974
2025-06-15,22,11,3354
2025-06-15,23,17,1608
2025-06-15,24,2,234
2025-06-15,25,6,4490
2025-06-15,26,10,741
2025-06-15,27,17,1926
2025-06-15,28,11,3454
2025-06-15,29,5,2629
2025-06-15,30,4,4192
2025-06-15,31,0,4310
2025-06-15,32,11,553
2025-06-15,33,10,3118
2025-06-15,34,3,2034
2025-06-15,35,17,1818
2025-06-15,36,3,3251
2025-06-15,37,16,4809
2025-06-15,38,1,3102
2025-06-15,39,1,3807
2025-06-15,40,11,2080
2025-06-15,41,5,4446
2025-06-15,42,9,3474
2025-06-15,43,15,1474
2025-06-15,44,13,4959
2025-06-15,45,6,3355
2025-06-15,46,18,1862
2025-06-15,47,16,2401
2025-06-15,48,8,4006
2025-06-15,49,12,3860
2025-06-15,50,4,3148
2025-06-15,51,4,238
2025-06-15,52,9,720
2025-06-15,53,9,2727
2025-06-15,54,6,4648
2025-06-15,55,14,4944
2025-06-15,56,6,4542
2025-06-15,57,14,3294
2025-06-15,58,2,1687
2025-06-15,59,18,1452
2025-06-15,60,9,2749
2025-06-15,61,14,4291
2025-06-15,62,2,467
2025-06-15,63,5,1643
2025-06-15,64,11,2813
2025-06-15,65,14,901
2025-06-15,66,5,2245
2025-06-15,67,12,3438
2025-06-15,68,18,4965
2025-06-15,69,2,4677
2025-06-15,70,7,4986
2025-06-15,71,7,3648
2025-06-15,72,19,1888
2025-06-15,73,14,4568
2025-06-15,74,3,4478
2025-06-15,75,18,1765
2025-06-15,76,2,4132
2025-06-15,77,12,4512
2025-06-15,78,7,368
2025-06-15,79,15,3188
2025-06-15,80,12,4752
2025-06-15,81,2,313
2025-06-15,82,15,1372
2025-06-15,83,8,902
2025-06-15,84,13,4525
2025-06-15,85,12,703
2025-06-15,86,6,2121
2025-06-15,87,14,1821
2025-06-15,88,6,637
2025-06-15,89,5,822
2025-06-15,90,1,512
2025-06-15,91,8,369
2025-06-15,92,16,3631
2025-06-15,93,4,4539
2025-06-15,94,11,3952
2025-06-15,95,0,452
2025-06-15,96,9,3456
2025-06-15,97,10,1729
2025-06-15,98,15,890
2025-06-15,99,13,1974
2025-06-15,100,7,699
2025-06-14,1,16,2819
2025-06-14,2,17,3340
2025-06-14,3,11,3353
2025-06-14,4,16,1058
2025-06-14,5,13,1617
2025-06-14,6,15,708
2025-06-14,7,13,240
2025-06-14,8,8,2394
2025-06-14,9,3,2894
2025-06-14,10,10,894
2025-06-14,11,5,787
2025-06-14,12,14,1806
2025-06-14,13,4,1583
2025-06-14,14,10,1874
2025-06-14,15,17,2121
2025-06-14,16,12,2443
2025-06-14,17,10,3034
2025-06-14,18,13,2591
2025-06-14,19,17,1902
2025-06-14,20,18,241
2025-06-14,21,14,4974
2025-06-14,22,8,3354
2025-06-14,23,7,1608
2025-06-14,24,19,234
2025-06-14,25,0,4490
2025-06-14,26,3,741
2025-06-14,27,13,1926
2025-06-14,28,1,3454
2025-06-14,29,15,2629
2025-06-14,30,2,4192
2025-06-14,31,7,4310
2025-06-14,32,5,553
2025-06-14,33,15,3118
2025-06-14,34,15,2034
2025-06-14,35,6,1818
2025-06-14,36,12,3251
2025-06-14,37,12,4809
2025-06-14,38,4,3102
2025-06-14,39,19,3807
2025-06-14,40,17,2080
2025-06-14,41,14,4446
2025-06-14,42,17,3474
2025-06-14,43,1,1474
2025-06-14,44,9,4959
2025-06-14,45,12,3355
2025-06-14,46,17,1862
2025-06-14,47,14,2401
2025-06-14,48,11,4006
2025-06-14,49,14,3860
2025-06-14,50,12,3148
2025-06-14,51,17,238
2025-06-14,52,14,720
2025-06-14,53,10,2727
2025-06-14,54,18,4648
2025-06-14,55,2,4944
2025-06-14,56,6,4542
2025-06-14,57,13,3294
2025-06-14,58,13,1687
2025-06-14,59,12,1452
2025-06-14,60,11,2749
2025-06-14,61,8,4291
2025-06-14,62,0,467
2025-06-14,63,18,1643
2025-06-14,64,10,2813
2025-06-14,65,18,901
2025-06-14,66,17,2245
2025-06-14,67,11,3438
2025-06-14,68,0,4965
2025-06-14,69,18,4677
2025-06-14,70,19,4986
2025-06-14,71,16,3648
2025-06-14,72,4,1888
2025-06-14,73,2,4568
2025-06-14,74,1,4478
2025-06-14,75,2,1765
2025-06-14,76,7,4132
2025-06-14,77,15,4512
2025-06-14,78,5,368
2025-06-14,79,12,3188
2025-06-14,80,15,4752
2025-06-14,81,15,313
2025-06-14,82,2,1372
2025-06-14,83,12,902
2025-06-14,84,13,4525
2025-06-14,85,7,703
2025-06-14,86,11,2121
2025-06-14,87,7,1821
2025-06-14,88,8,637
2025-06-14,89,0,822
2025-06-14,90,5,512
2025-06-14,91,18,369
2025-06-14,92,10,3631
2025-06-14,93,10,4539
2025-06-14,94,12,3952
2025-06-14,95,10,452
2025-06-14,96,17,3456
2025-06-14,97,14,1729
2025-06-14,98,0,890
2025-06-14,99,6,1974
2025-06-14,100,12,699
2025-06-13,1,11,2819
2025-06-13,2,17,3340
2025-06-13,3,18,3353
2025-06-13,4,14,1058
2025-06-13,5,7,1617
2025-06-13,6,18,708
2025-06-13,7,9,240
2025-06-13,8,6,2394
2025-06-13,9,17,2894
2025-06-13,10,15,894
2025-06-13,11,19,787
2025-06-13,12,5,1806
2025-06-13,13,8,1583
2025-06-13,14,12,1874
2025-06-13,15,7,2121
2025-06-13,16,15,2443
2025-06-13,17,12,3034
2025-06-13,18,12,2591
2025-06-13,19,16,1902
2025-06-13,20,19,241
2025-06-13,21,4,4974
2025-06-13,22,16,3354
2025-06-13,23,8,1608
2025-06-13,24,1,234
2025-06-13,25,17,4490
2025-06-13,26,8,741
2025-06-13,27,5,1926
2025-06-13,28,10,3454
2025-06-13,29,5,2629
2025-06-13,30,5,4192
2025-06-13,31,12,4310
2025-06-13,32,10,553
2025-06-13,33,13,3118
2025-06-13,34,1,2034
2025-06-13,35,7,1818
2025-06-13,36,2,3251
2025-06-13,37,2,4809
2025-06-13,38,0,3102
2025-06-13,39,18,3807
2025-06-13,40,17,2080
2025-06-13,41,16,4446
2025-06-13,42,19,3474
2025-06-13,43,12,1474
2025-06-13,44,2,4959
2025-06-13,45,0,3355
2025-06-13,46,3,1862
2025-06-13,47,12,2401
2025-06-13,48,16,4006
2025-06-13,49,10,3860
2025-06-13,50,1,3148
2025-06-13,51,15,238
2025-06-13,52,1,720
2025-06-13,53,18,2727
2025-06-13,54,18,4648
2025-06-13,55,15,4944
2025-06-13,56,18,4542
2025-06-13,57,8,3294
2025-06-13,58,0,1687
2025-06-13,59,9,1452
2025-06-13,60,18,2749
2025-06-13,61,0,4291
2025-06-13,62,1,467
2025-06-13,63,15,1643
2025-06-13,64,11,2813
2025-06-13,65,7,901
2025-06-13,66,17,2245
2025-06-13,67,1,3438
2025-06-13,68,12,4965
2025-06-13,69,5,4677
2025-06-13,70,5,4986
2025-06-13,71,8,3648
2025-06-13,72,15,1888
2025-06-13,73,10,4568
2025-06-13,74,6,4478
2025-06-13,75,9,1765
2025-06-13,76,9,4132
2025-06-13,77,19,4512
2025-06-13,78,17,368
2025-06-13,79,19,3188
2025-06-13,80,8,4752
2025-06-13,81,14,313
2025-06-13,82,3,1372
2025-06-13,83,7,902
2025-06-13,84,8,4525
2025-06-13,85,12,703
2025-06-13,86,8,2121
2025-06-13,87,3,1821
2025-06-13,88,16,637
2025-06-13,89,15,822
2025-06-13,90,14,512
2025-06-13,91,2,369
2025-06-13,92,19,3631
2025-06-13,93,4,4539
2025-06-13,94,4,3952
2025-06-13,95,19,452
2025-06-13,96,14,3456
2025-06-13,97,17,1729
2025-06-13,98,14,890
2025-06-13,99,1,1974
2025-06-13,100,12,699
2025-06-12,1,3,2819
2025-06-12,2,9,3340
2025-06-12,3,12,3353
2025-06-12,4,9,1058
2025-06-12,5,8,1617
2025-06-12,6,7,708
2025-06-12,7,2,240
2025-06-12,8,15,2394
2025-06-12,9,13,2894
2025-06-12,10,8,894
2025-06-12,11,10,787
2025-06-12,12,2,1806
2025-06-12,13,4,1583
2025-06-12,14,9,1874
2025-06-12,15,12,2121
2025-06-12,16,3,2443
2025-06-12,17,12,3034
2025-06-12,18,11,2591
2025-06-12,19,4,1902
2025-06-12,20,9,241
2025-06-12,21,8,4974
2025-06-12,22,19,3354
2025-06-12,23,6,1608
2025-06-12,24,1,234
2025-06-12,25,6,4490
2025-06-12,26,7,741
2025-06-12,27,6,1926
2025-06-12,28,13,3454
2025-06-12,29,18,2629
2025-06-12,30,4,4192
2025-06-12,31,17,4310
2025-06-12,32,19,553
2025-06-12,33,11,3118
2025-06-12,34,16,2034
2025-06-12,35,12,1818
2025-06-12,36,1,3251
2025-06-12,37,12,4809
2025-06-12,38,6,3102
2025-06-12,39,9,3807
2025-06-12,40,5,2080
2025-06-12,41,2,4446
2025-06-12,42,2,3474
2025-06-12,43,17,1474
2025-06-12,44,10,4959
2025-06-12,45,19,3355
2025-06-12,46,4,1862
2025-06-12,47,18,2401
2025-06-12,48,18,4006
2025-06-12,49,14,3860
2025-06-12,50,15,3148
2025-06-12,51,8,238
2025-06-12,52,3,720
2025-06-12,53,14,2727
2025-06-12,54,11,4648
2025-06-12,55,2,4944
2025-06-12,56,13,4542
2025-06-12,57,16,3294
2025-06-12,58,18,1687
2025-06-12,59,5,1452
2025-06-12,60,3,2749
2025-06-12,61,6,4291
2025-06-12,62,18,467
2025-06-12,63,16,1643
2025-06-12,64,15,2813
2025-06-12,65,14,901
2025-06-12,66,7,2245
2025-06-12,67,18,3438
2025-06-12,68,7,4965
2025-06-12,69,17,4677
2025-06-12,70,15,4986
2025-06-12,71,19,3648
2025-06-12,72,18,1888
2025-06-12,73,9,4568
2025-06-12,74,16,4478
2025-06-12,75,12,1765
2025-06-12,76,12,4132
2025-06-12,77,6,4512
2025-06-12,78,9,368
2025-06-12,79,1,3188
2025-06-12,80,3,4752
2025-06-12,81,5,313
2025-06-12,82,17,1372
2025-06-12,83,5,902
2025-06-12,84,16,4525
2025-06-12,85,13,703
2025-06-12,86,10,2121
2025-06-12,87,18,1821
2025-06-12,88,1,637
2025-06-12,89,2,822
2025-06-12,90,10,512
2025-06-12,91,5,369
2025-06-12,92,13,3631
2025-06-12,93,18,4539
2025-06-12,94,15,3952
2025-06-12,95,6,452
2025-06-12,96,7,3456
2025-06-12,97,18,1729
2025-06-12,98,19,890
2025-06-12,99,15,1974
2025-06-12,100,6,699
2025-06-11,1,8,2819
2025-06-11,2,12,3340
2025-06-11,3,0,3353
2025-06-11,4,7,1058
2025-06-11,5,3,1617
2025-06-11,6,2,708
2025-06-11,7,2,240
2025-06-11,8,12,2394
2025-06-11,9,7,2894
2025-06-11,10,6,894
2025-06-11,11,0,787
2025-06-11,12,15,1806
2025-06-11,13,5,1583
2025-06-11,14,6,1874
2025-06-11,15,11,2121
2025-06-11,16,8,2443
2025-06-11,17,10,3034
2025-06-11,18,9,2591
2025-06-11,19,0,1902
2025-06-11,20,17,241
2025-06-11,21,3,4974
2025-06-11,22,4,3354
2025-06-11,23,8,1608
2025-06-11,24,16,234
2025-06-11,25,2,4490
2025-06-11,26,15,741
2025-06-11,27,4,1926
2025-06-11,28,15,3454
2025-06-11,29,2,2629
2025-06-11,30,19,4192
2025-06-11,31,14,4310
2025-06-11,32,2,553
2025-06-11,33,19,3118
2025-06-11,34,13,2034
2025-06-11,35,15,1818
2025-06-11,36,16,3251
2025-06-11,37,19,4809
2025-06-11,38,17,3102
2025-06-11,39,17,3807
2025-06-11,40,13,2080
2025-06-11,41,17,4446
2025-06-11,42,14,3474
2025-06-11,43,14,1474
2025-06-11,44,5,4959
2025-06-11,45,14,3355
2025-06-11,46,17,1862
2025-06-11,47,3,2401
2025-06-11,48,7,4006
2025-06-11,49,14,3860
2025-06-11,50,2,3148
2025-06-11,51,14,238
2025-06-11,52,12,720
2025-06-11,53,8,2727
2025-06-11,54,1,4648
2025-06-11,55,7,4944
2025-06-11,56,19,4542
2025-06-11,57,16,3294
2025-06-11,58,12,1687
2025-06-11,59,0,1452
2025-06-11,60,1,2749
2025-06-11,61,14,4291
2025-06-11,62,11,467
2025-06-11,63,13,1643
2025-06-11,64,1,2813
2025-06-11,65,17,901
2025-06-11,66,6,2245
2025-06-11,67,5,3438
2025-06-11,68,13,4965
2025-06-11,69,7,4677
2025-06-11,70,1,4986
2025-06-11,71,16,3648
2025-06-11,72,4,1888
2025-06-11,73,13,4568
2025-06-11,74,19,4478
2025-06-11,75,2,1765
2025-06-11,76,4,4132
2025-06-11,77,15,4512
2025-06-11,78,17,368
2025-06-11,79,16,3188
2025-06-11,80,10,4752
2025-06-11,81,16,313
2025-06-11,82,15,1372
2025-06-11,83,1,902
2025-06-11,84,3,4525
2025-06-11,85,6,703
2025-06-11,86,1,2121
2025-06-11,87,5,1821
2025-06-11,88,16,637
2025-06-11,89,6,822
2025-06-11,90,4,512
2025-06-11,91,4,369
2025-06-11,92,19,3631
2025-06-11,93,15,4539
2025-06-11,94,18,3952
2025-06-11,95,8,452
2025-06-11,96,4,3456
2025-06-11,97,7,1729
2025-06-11,98,8,890
2025-06-11,99,4,1974
2025-06-11,100,9,699
2025-06-10,1,1,2819
2025-06-10,2,8,3340
2025-06-10,3,10,3353
2025-06-10,4,3,1058
2025-06-10,5,1,1617
2025-06-10,6,5,708
2025-06-10,7,13,240
2025-06-10,8,0,2394
2025-06-10,9,17,2894
2025-06-10,10,6,894
2025-06-10,11,0,787
2025-06-10,12,0,1806
2025-06-10,13,0,1583
2025-06-10,14,3,1874
2025-06-10,15,3,2121
2025-06-10,16,17,2443
2025-06-10,17,10,3034
2025-06-10,18,0,2591
2025-06-10,19,9,1902
2025-06-10,20,8,241
2025-06-10,21,3,4974
2025-06-10,22,5,3354
2025-06-10,23,15,1608
2025-06-10,24,1,234
2025-06-10,25,17,4490
2025-06-10,26,9,741
2025-06-10,27,16,1926
2025-06-10,28,12,3454
2025-06-10,29,17,2629
2025-06-10,30,12,4192
2025-06-10,31,16,4310
2025-06-10,32,4,553
2025-06-10,33,10,3118
2025-06-10,34,6,2034
2025-06-10,35,9,1818
2025-06-10,36,16,3251
2025-06-10,37,14,4809
2025-06-10,38,17,3102
2025-06-10,39,18,3807
2025-06-10,40,1,2080
2025-06-10,41,3,4446
2025-06-10,42,2,3474
2025-06-10,43,6,1474
2025-06-10,44,17,4959
2025-06-10,45,9,3355
2025-06-10,46,6,1862
2025-06-10,47,7,2401
2025-06-10,48,5,4006
2025-06-10,49,0,3860
2025-06-10,50,3,3148
2025-06-10,51,13,238
2025-06-10,52,16,720
2025-06-10,53,19,2727
2025-06-10,54,17,4648
2025-06-10,55,10,4944
2025-06-10,56,13,4542
2025-06-10,57,8,3294
2025-06-10,58,14,1687
2025-06-10,59,11,1452
2025-06-10,60,9,2749
2025-06-10,61,18,4291
2025-06-10,62,18,467
2025-06-10,63,5,1643
2025-06-10,64,19,2813
2025-06-10,65,5,901
2025-06-10,66,7,2245
2025-06-10,67,0,3438
2025-06-10,68,16,4965
2025-06-10,69,16,4677
2025-06-10,70,14,4986
2025-06-10,71,6,3648
2025-06-10,72,18,1888
2025-06-10,73,2,4568
2025-06-10,74,10,4478
2025-06-10,75,19,1765
2025-06-10,76,18,4132
2025-06-10,77,8,4512
2025-06-10,78,9,368
2025-06-10,79,1,3188
2025-06-10,80,0,4752
2025-06-10,81,15,313
2025-06-10,82,17,1372
2025-06-10,83,16,902
2025-06-10,84,5,4525
2025-06-10,85,13,703
2025-06-10,86,14,2121
2025-06-10,87,13,1821
2025-06-10,88,2,637
2025-06-10,89,18,822
2025-06-10,90,11,512
2025-06-10,91,1,369
2025-06-10,92,2,3631
2025-06-10,93,17,4539
2025-06-10,94,0,3952
2025-06-10,95,19,452
2025-06-10,96,5,3456
2025-06-10,97,4,1729
2025-06-10,98,0,890
2025-06-10,99,18,1974
2025-06-10,100,0,699
2025-06-09,1,15,2819
2025-06-09,2,11,3340
2025-06-09,3,7,3353
2025-06-09,4,15,1058
2025-06-09,5,0,1617
2025-06-09,6,3,708
2025-06-09,7,9,240
2025-06-09,8,10,2394
2025-06-09,9,16,2894
2025-06-09,10,6,894
2025-06-09,11,11,787
2025-06-09,12,6,1806
2025-06-09,13,11,1583
2025-06-09,14,14,1874
2025-06-09,15,1,2121
2025-06-09,16,13,2443
2025-06-09,17,12,3034
2025-06-09,18,3,2591
2025-06-09,19,13,1902
2025-06-09,20,13,241
2025-06-09,21,15,4974
2025-06-09,22,6,3354
2025-06-09,23,18,1608
2025-06-09,24,1,234
2025-06-09,25,9,4490
2025-06-09,26,17,741
2025-06-09,27,16,1926
2025-06-09,28,4,3454
2025-06-09,29,11,2629
2025-06-09,30,5,4192
2025-06-09,31,8,4310
2025-06-09,32,19,553
2025-06-09,33,0,3118
2025-06-09,34,14,2034
2025-06-09,35,5,1818
2025-06-09,36,18,3251
2025-06-09,37,17,4809
2025-06-09,38,5,3102
2025-06-09,39,12,3807
2025-06-09,40,0,2080
2025-06-09,41,12,4446
2025-06-09,42,6,3474
2025-06-09,43,14,1474
2025-06-09,44,11,4959
2025-06-09,45,0,3355
2025-06-09,46,14,1862
2025-06-09,47,3,2401
2025-06-09,48,12,4006
2025-06-09,49,4,3860
2025-06-09,50,1,3148
2025-06-09,51,0,238
2025-06-09,52,15,720
2025-06-09,53,5,2727
2025-06-09,54,15,4648
2025-06-09,55,13,4944
2025-06-09,56,2,4542
2025-06-09,57,14,3294
2025-06-09,58,2,1687
2025-06-09,59,1,1452
2025-06-09,60,0,2749
2025-06-09,61,8,4291
2025-06-09,62,8,467
2025-06-09,63,6,1643
2025-06-09,64,2,2813
2025-06-09,65,17,901
2025-06-09,66,10,2245
2025-06-09,67,6,3438
2025-06-09,68,8,4965
2025-06-09,69,0,4677
2025-06-09,70,13,4986
2025-06-09,71,19,3648
2025-06-09,72,5,1888
2025-06-09,73,6,4568
2025-06-09,74,9,4478
2025-06-09,75,6,1765
2025-06-09,76,1,4132
2025-06-09,77,3,4512
2025-06-09,78,16,368
2025-06-09,79,0,3188
2025-06-09,80,9,4752
2025-06-09,81,18,313
2025-06-09,82,14,1372
2025-06-09,83,9,902
2025-06-09,84,18,4525
2025-06-09,85,11,703
2025-06-09,86,15,2121
2025-06-09,87,8,1821
2025-06-09,88,14,637
2025-06-09,89,16,822
2025-06-09,90,13,512
2025-06-09,91,17,369
2025-06-09,92,1,3631
2025-06-09,93,3,4539
2025-06-09,94,17,3952
2025-06-09,95,6,452
2025-06-09,96,12,3456
2025-06-09,97,14,1729
2025-06-09,98,0,890
2025-06-09,99,10,1974
2025-06-09,100,9,699
2025-06-08,1,4,2819
2025-06-08,2,15,3340
2025-06-08,3,10,3353
2025-06-08,4,5,1058
2025-06-08,5,8,1617
2025-06-08,6,12,708
2025-06-08,7,7,240
2025-06-08,8,13,2394
2025-06-08,9,0,2894
2025-06-08,10,16,894
2025-06-08,11,4,787
2025-06-08,12,1,1806
2025-06-08,13,8,1583
2025-06-08,14,3,1874
2025-06-08,15,16,2121
2025-06-08,16,16,2443
2025-06-08,17,17,3034
2025-06-08,18,15,2591
2025-06-08,19,7,1902
2025-06-08,20,10,241
2025-06-08,21,17,4974
2025-06-08,22,9,3354
2025-06-08,23,12,1608
2025-06-08,24,16,234
2025-06-08,25,17,4490
2025-06-08,26,9,741
2025-06-08,27,15,1926
2025-06-08,28,19,3454
2025-06-08,29,4,2629
2025-06-08,30,12,4192
2025-06-08,31,17,4310
2025-06-08,32,16,553
2025-06-08,33,8,3118
2025-06-08,34,13,2034
2025-06-08,35,16,1818
2025-06-08,36,3,3251
2025-06-08,37,17,4809
2025-06-08,38,19,3102
2025-06-08,39,14,3807
2025-06-08,40,10,2080
2025-06-08,41,11,4446
2025-06-08,42,8,3474
2025-06-08,43,12,1474
2025-06-08,44,14,4959
2025-06-08,45,14,3355
2025-06-08,46,4,1862
2025-06-08,47,18,2401
2025-06-08,48,19,4006
2025-06-08,49,13,3860
2025-06-08,50,16,3148
2025-06-08,51,17,238
2025-06-08,52,2,720
2025-06-08,53,1,2727
2025-06-08,54,0,4648
2025-06-08,55,9,4944
2025-06-08,56,18,4542
2025-06-08,57,16,3294
2025-06-08,58,11,1687
2025-06-08,59,0,1452
2025-06-08,60,11,2749
2025-06-08,61,16,4291
2025-06-08,62,2,467
2025-06-08,63,10,1643
2025-06-08,64,16,2813
2025-06-08,65,2,901
2025-06-08,66,7,2245
2025-06-08,67,19,3438
2025-06-08,68,3,4965
2025-06-08,69,6,4677
2025-06-08,70,13,4986
2025-06-08,71,13,3648
2025-06-08,72,3,1888
2025-06-08,73,15,4568
2025-06-08,74,0,4478
2025-06-08,75,16,1765
2025-06-08,76,9,4132
2025-06-08,77,15,4512
2025-06-08,78,15,368
2025-06-08,79,7,3188
2025-06-08,80,6,4752
2025-06-08,81,5,313
2025-06-08,82,15,1372
2025-06-08,83,19,902
2025-06-08,84,15,4525
2025-06-08,85,6,703
2025-06-08,86,8,2121
2025-06-08,87,13,1821
2025-06-08,88,10,637
2025-06-08,89,13,822
2025-06-08,90,6,512
2025-06-08,91,0,369
2025-06-08,92,12,3631
2025-06-08,93,19,4539
2025-06-08,94,2,3952
2025-06-08,95,19,452
2025-06-08,96,3,3456
2025-06-08,97,10,1729
2025-06-08,98,1,890
2025-06-08,99,13,1974
2025-06-08,100,11,699
